{"cameraMode":{"drawMode":0,"name":"Shaded","section":"Shading Mode"},"sceneLighting":true,"audioPlay":false,"sceneViewState":{"showFog":true,"showMaterialUpdate":false,"showSkybox":true,"showFlares":true,"showImageEffects":true,"showParticleSystems":true},"in2DMode":false,"pivot":{"x":-3.96713924407959,"y":6.143778324127197,"z":9.834457397460938},"rotation":{"x":-0.05877423286437988,"y":-0.007763131521642208,"z":0.0004361867322586477,"w":-0.998256504535675},"size":22.0,"orthographic":false}